{
    "C": 0.004185822729546971,
    "gamma": 5.061576888752303,
    "kernel": "linear"
}